{
    "Zombie": [180, 0, 90],
    "Flag": [180, 0, 90],
    "Conehead": [550, 0, 90],
    "Vaulter": [333.3333333333333, 0, 166.66666666666666],
    "Buckethead": [1180, 0, 90],
    "Newspaper": [180, 150, 90],
    "Screen-Door": [180, 1100, 90],
    "Footballer": [1580, 0, 90],
    "Dancer": [333.3333333333333, 0, 166.66666666666666],
    "Backup Dancer": [180, 0, 90],
    "Snorkel": [180, 0, 90],
    "Zomboni": [1150, 0, 200],
    "Bobsled": [180, 0, 90],
    "Dolphin": [333.3333333333333, 0, 166.66666666666666],
    "Jack-in-the-Box": [333.3333333333333, 0, 166.66666666666666],
    "Balloon": [200, 0, 90],
    "Digger": [280, 0, 90],
    "Pogo": [333.3333333333333, 0, 166.66666666666666],
    "Yeti": [900, 0, 450],
    "Bungee": [449, 0, 0],
    "Ladder": [333.3333333333333, 500, 166.66666666666666],
    "Catapult": [650, 0, 200],
    "Gargantuar": [2999, 0, 1],
    "Imp": [180, 0, 90]
}